,price,highlights,address,area,num_rooms,floor,rent,online_property_inspection,ownership_status,flat_condition,perks,parking,heating,flat_description_bullets,neighborhood_bullets
https://www.otodom.pl/pl/oferta/mieszkanie-3-pokojowe-chojnow-ul-mikolaja-reja-ID4l0H5,250 000 zł,"Mieszkanie 3 pokojowe, Chojnów, ul. Mikołaja Reja","Chojnów, legnicki, dolnośląskie",76 m²,3,1/2,343 zł,Zapytaj,pełna własność,do zamieszkania,Zapytaj,garaż/miejsce parkingowe,gazowe,[],The info was not provided
https://www.otodom.pl/pl/oferta/trzypokojowe-mieszkanie-w-klodzku-ul-spoldzielcza-ID4n4hE,439 000 zł,Trzypokojowe mieszkanie w Kłodzku ul. Spółdzielcza,"Kłodzko, kłodzki, dolnośląskie","60,11 m²",3,parter/10,Zapytaj,Zapytaj,Zapytaj,do zamieszkania,balkon,Zapytaj,miejskie,[],The info was not provided
https://www.otodom.pl/pl/oferta/gotowe-mieszkanie-03-07-ID4mHsX,448 495 zł,Gotowe - Mieszkanie 03.07,"ul. Stanisława Wyspiańskiego, Żarów, Żarów, świdnicki, dolnośląskie","64,08 m²",3,3/6,Zapytaj,Zapytaj,pełna własność,do wykończenia,balkon,garaż/miejsce parkingowe,kotłownia,[],The info was not provided
https://www.otodom.pl/pl/oferta/4-pokoje-z-balkonem-przy-parku-ID4at2X,834 150 zł,4 pokoje z balkonem przy Parku!,"Żerniki, Fabryczna, Wrocław, dolnośląskie",67 m²,4,1/4,600 zł,Zapytaj,pełna własność,do wykończenia,balkon,garaż/miejsce parkingowe,miejskie,[],The info was not provided
https://www.otodom.pl/pl/oferta/goraca-oferta-ostatnie-apartamenty-ID4aq7Q,768 000 zł,Gorąca oferta - ostatnie apartamenty!,"ul. Zakopiańska, Świeradów-Zdrój, lubański, dolnośląskie",48 m²,3,parter/5,Zapytaj,Zapytaj,pełna własność,do zamieszkania,Zapytaj,Zapytaj,inne,[],The info was not provided
https://www.otodom.pl/pl/oferta/goraca-oferta-ostatnie-apartamenty-ID4aq7R,608 000 zł,Gorąca oferta - ostatnie apartamenty!,"ul. Zakopiańska, Świeradów-Zdrój, lubański, dolnośląskie",38 m²,2,5/5,Zapytaj,Zapytaj,pełna własność,do zamieszkania,taras,Zapytaj,inne,[],The info was not provided
https://www.otodom.pl/pl/oferta/borek-klimatyczne-mieszkanie-ID4a0wW,850 000 zł,Borek klimatyczne mieszkanie!,"Tarnogaj, Krzyki, Wrocław, dolnośląskie",85 m²,3,parter/4,420 zł,Zapytaj,pełna własność,do zamieszkania,balkon,Zapytaj,gazowe,[],The info was not provided
https://www.otodom.pl/pl/oferta/apartamenty-kasztanowka-i-pietro-ID49RVG,329 000 zł,Apartamenty KASZTANÓWKA I piętro,"ul. Rzeczypospolitej, Kłoda, Rydzyna, leszczyński, wielkopolskie","47,11 m²",3,1/2,Zapytaj,Zapytaj,Zapytaj,Zapytaj,Zapytaj,Zapytaj,inne,[],The info was not provided
https://www.otodom.pl/pl/oferta/apartamenty-kasztanowka-ii-pietro-ID49RTI,249 000 zł,Apartamenty KASZTANÓWKA II piętro,"ul. Rzeczypospolitej, Rydzyna, Rydzyna, leszczyński, wielkopolskie","35,62 m²",2,2/2,Zapytaj,Zapytaj,Zapytaj,Zapytaj,Zapytaj,Zapytaj,inne,[],The info was not provided
https://www.otodom.pl/pl/oferta/apartamenty-kasztanowka-i-pietro-ID49RSi,333 900 zł,Apartamenty KASZTANÓWKA I piętro,"ul. Rzeczypospolitej, Kłoda, Rydzyna, leszczyński, wielkopolskie","47,99 m²",3,1/2,Zapytaj,Zapytaj,Zapytaj,Zapytaj,Zapytaj,Zapytaj,inne,[],The info was not provided
https://www.otodom.pl/pl/oferta/apartamenty-kasztanowka-i-pietro-ID49RRo,271 900 zł,Apartamenty KASZTANÓWKA I piętro,"ul. Rzeczypospolitej, Kłoda, Rydzyna, leszczyński, wielkopolskie","38,99 m²",2,1/2,Zapytaj,Zapytaj,Zapytaj,Zapytaj,Zapytaj,Zapytaj,inne,[],The info was not provided
https://www.otodom.pl/pl/oferta/apartamenty-kasztanowka-i-pietro-ID49RRf,249 900 zł,Apartamenty KASZTANÓWKA I piętro,"ul. Rzeczypospolitej, Kłoda, Rydzyna, leszczyński, wielkopolskie","35,73 m²",2,1/2,Zapytaj,Zapytaj,Zapytaj,Zapytaj,Zapytaj,Zapytaj,inne,[],The info was not provided
https://www.otodom.pl/pl/oferta/apartamenty-kasztanowka-parter-z-ogrodkiem-ID49RGZ,294 900 zł,APARTAMENTY KASZTANÓWKA parter z ogródkiem,"ul. Rzeczypospolitej, Kłoda, Rydzyna, leszczyński, wielkopolskie","42,31 m²",3,parter/2,Zapytaj,Zapytaj,Zapytaj,Zapytaj,"ogródek, taras",Zapytaj,inne,[],The info was not provided
https://www.otodom.pl/pl/oferta/apartamenty-kasztanowka-parter-z-ogrodkiem-ID49RAo,409 900 zł,Apartamenty KASZTANÓWKA parter z ogródkiem,"ul. Rzeczypospolitej, Kłoda, Rydzyna, leszczyński, wielkopolskie","63,34 m²",3,parter/2,Zapytaj,Zapytaj,Zapytaj,Zapytaj,"ogródek, taras",Zapytaj,inne,[],The info was not provided
https://www.otodom.pl/pl/oferta/apartamenty-kasztanowka-parter-z-ogrodkiem-ID49Rzv,239 900 zł,Apartamenty KASZTANÓWKA parter z ogródkiem,"ul. Rzeczypospolitej, Kłoda, Rydzyna, leszczyński, wielkopolskie","34,42 m²",2,parter/2,Zapytaj,Zapytaj,Zapytaj,Zapytaj,"ogródek, taras",Zapytaj,inne,[],The info was not provided
https://www.otodom.pl/pl/oferta/apartamenty-kasztanowka-parter-z-ogrodkiem-ID49Rv5,328 000 zł,Apartamenty KASZTANÓWKA parter z ogródkiem,"ul. Rzeczypospolitej, Kłoda, Rydzyna, leszczyński, wielkopolskie","47,1 m²",3,parter/2,Zapytaj,Zapytaj,Zapytaj,Zapytaj,Zapytaj,Zapytaj,inne,[],The info was not provided
https://www.otodom.pl/pl/oferta/apartamenty-kasztanowka-parter-z-ogrodkiem-ID49RsJ,258 000 zł,Apartamenty KASZTANÓWKA parter z ogródkiem,"ul. Rzeczypospolitej, Kłoda, Rydzyna, leszczyński, wielkopolskie","36,87 m²",2,parter/2,Zapytaj,Zapytaj,Zapytaj,Zapytaj,"ogródek, taras",Zapytaj,inne,[],The info was not provided
https://www.otodom.pl/pl/oferta/1-4-km-od-rynku-idealne-dla-rodziny-stare-miasto-ID49Hb4,456 000 zł,"1,4 Km od Rynku Idealne dla Rodziny Stare Miasto","Nadodrze, Śródmieście, Wrocław, dolnośląskie","46,5 m²",3,1/6,Zapytaj,Zapytaj,pełna własność,Zapytaj,Zapytaj,Zapytaj,Zapytaj,[],The info was not provided
https://www.otodom.pl/pl/oferta/mieszkanie-2-pok-parter-balkon-piekary-b-ID46kL1,349 000 zł,"Mieszkanie 2-pok, parter,balkon, Piekary B","Legnica, dolnośląskie","45,77 m²",2,parter/3,180 zł,Zapytaj,Zapytaj,do zamieszkania,balkon,Zapytaj,gazowe,[],The info was not provided
https://www.otodom.pl/pl/oferta/apartament-dwupoziomowy-gorny-z-tarasem-83m2-ID467lO,538 070 zł,Apartament dwupoziomowy górny z tarasem - 83m2,"Lubin, lubiński, dolnośląskie","82,78 m²",4,1/2,Zapytaj,Zapytaj,pełna własność,do wykończenia,taras,garaż/miejsce parkingowe,gazowe,[],The info was not provided
https://www.otodom.pl/pl/oferta/do-sprzedazy-mieszkanie-orla-bialego-bogatynia-ID48RBv,145 000 zł,Do sprzedaży mieszkanie Orła Białego Bogatynia,"Bogatynia, Bogatynia, zgorzelecki, dolnośląskie","45,9 m²",2,2/4,Zapytaj,Zapytaj,Zapytaj,Zapytaj,Zapytaj,Zapytaj,miejskie,[],The info was not provided
https://www.otodom.pl/pl/oferta/3-pokoje-z-tarasem-i-ogrodem-w-centrum-wroclawia-ID48Ak9,751 000 zł,3 Pokoje Z Tarasem I Ogrodem W Centrum Wrocławia,"ul. Jedności Narodowej, Ołbin, Śródmieście, Wrocław, dolnośląskie",60 m²,3,2/17,660 zł,Zapytaj,pełna własność,do wykończenia,taras,garaż/miejsce parkingowe,miejskie,[],The info was not provided
https://www.otodom.pl/pl/oferta/mieszkanie-bielany-wroclawskie-ul-storczykowa-ID48u3L,"279 333,34 zł","Mieszkanie: Bielany Wrocławskie, ul. Storczykowa","ul. Storczykowa, Bielany Wrocławskie, Kobierzyce, wrocławski, dolnośląskie","74,49 m²",2,2,Zapytaj,Zapytaj,Zapytaj,Zapytaj,balkon,Zapytaj,gazowe,[],The info was not provided
https://www.otodom.pl/pl/oferta/przestronne-mieszkanie-w-doskonalej-lokalizacji-ID48n3B,188 000 zł,Przestronne mieszkanie w doskonałej lokalizacji,"Bierutów, Bierutów, oleśnicki, dolnośląskie","138,18 m²",4,2/2,115 zł,Zapytaj,pełna własność,do wykończenia,Zapytaj,garaż/miejsce parkingowe,inne,[],The info was not provided
https://www.otodom.pl/pl/oferta/m2-okolica-malej-poczty-ID48krc,370 000 zł,M2 - Okolica Małej Poczty,"Staniszów, Podgórzyn, karkonoski, dolnośląskie","70,4 m²",2,2/2,Zapytaj,Zapytaj,pełna własność,Zapytaj,Zapytaj,Zapytaj,gazowe,[],The info was not provided
https://www.otodom.pl/pl/oferta/mieszkanie-50-74-m-kloda-ID48eMO,330 000 zł,"Mieszkanie, 50,74 m², Kłoda","Kłoda, Rydzyna, leszczyński, wielkopolskie","50,74 m²",3,2/2,Zapytaj,Zapytaj,pełna własność,Zapytaj,balkon,Zapytaj,Zapytaj,[],The info was not provided
https://www.otodom.pl/pl/oferta/mieszkanie-82-30-m-bratkow-ID48evG,235 000 zł,"Mieszkanie, 82,30 m², Bratków","Bratków, Bogatynia, zgorzelecki, dolnośląskie","82,3 m²",4,1,Zapytaj,Zapytaj,Zapytaj,Zapytaj,Zapytaj,Zapytaj,Zapytaj,[],The info was not provided
https://www.otodom.pl/pl/oferta/mieszkanie-36-96-m-wroclaw-ID47yAk,569 000 zł,"Mieszkanie, 36,96 m², Wrocław","Ołbin, Śródmieście, Wrocław, dolnośląskie","36,96 m²",2,1,Zapytaj,Zapytaj,Zapytaj,Zapytaj,Zapytaj,Zapytaj,Zapytaj,[],The info was not provided
https://www.otodom.pl/pl/oferta/mieszkanie-w-budynku-wielorodzinnym-ID473ic,130 000 zł,Mieszkanie W Budynku Wielorodzinnym,"Świerzawa, Świerzawa, złotoryjski, dolnośląskie",90 m²,4,1,Zapytaj,tak,pełna własność,do remontu,Zapytaj,Zapytaj,inne,[],The info was not provided
https://www.otodom.pl/pl/oferta/kawalerka-pod-inwestycje-centrum-ID46Xd3,144 900 zł,Kawalerka pod inwestycje - Centrum !,"Głogów, głogowski, dolnośląskie","22,73 m²",1,4/4,315 zł,Zapytaj,pełna własność,do zamieszkania,Zapytaj,Zapytaj,miejskie,[],The info was not provided
https://www.otodom.pl/pl/oferta/2-pokoje-komfortowa-lokalizacja-sienkiewicza-ID46Ail,834 000 zł,"2-pokoje, komfortowa lokalizacja - Sienkiewicza.","ul. Henryka Sienkiewicza, Ołbin, Śródmieście, Wrocław, dolnośląskie","65,97 m²",2,1/4,Zapytaj,Zapytaj,pełna własność,do zamieszkania,balkon,Zapytaj,elektryczne,[],The info was not provided
https://www.otodom.pl/pl/oferta/swietoszow-lokal-na-mieszkanie-ID4mWpR,245 000 zł,Świętoszów lokal na mieszkanie,"ul. Świerkowa 10a, Świętoszów, Osiecznica, bolesławiecki, dolnośląskie",230 m²,6,parter/1,100 zł,tak,pełna własność,do remontu,ogródek,garaż/miejsce parkingowe,elektryczne,[],[]
https://www.otodom.pl/pl/oferta/mieszkanie-70-m2-chojnow-ID4mGyq,389 000 zł,Mieszkanie 70 m2 Chojnów,"ul. Bolesława Chrobrego, Chojnów, legnicki, dolnośląskie",70 m²,4,3/4,Zapytaj,Zapytaj,pełna własność,do zamieszkania,balkon,Zapytaj,miejskie,[],[]
https://www.otodom.pl/pl/oferta/mieszkanie-na-osiedlu-piast-ID4n0kO,335 000 zł,Mieszkanie na osiedlu Piast,"ul. Władysława Hermana, Lubań, lubański, dolnośląskie",61 m²,3,4/4,Zapytaj,Zapytaj,pełna własność,do zamieszkania,balkon,Zapytaj,Zapytaj,[],[]
https://www.otodom.pl/pl/oferta/mieszkanie-3-pok-bielany-wroclawskie-ID4mVMu,600 000 zł,Mieszkanie 3-pok - Bielany Wrocławskie,"ul. Konwaliowa, Bielany Wrocławskie, Kobierzyce, wrocławski, dolnośląskie","48,78 m²",3,2/2,450 zł,Zapytaj,pełna własność,do zamieszkania,balkon,garaż/miejsce parkingowe,gazowe,[],[]
https://www.otodom.pl/pl/oferta/sloneczny-nowy-otok6-b1-mieszkanie-z-ogrodem-ID4hbvZ,474 012 zł,☀️Słoneczny Nowy Otok☀️6/B1 - Mieszkanie z ogrodem,"ul. Wesoła, Oława, oławski, dolnośląskie","56,43 m²",3,parter/1,Zapytaj,Zapytaj,pełna własność,do wykończenia,"ogródek, taras",garaż/miejsce parkingowe,inne,[],[]
https://www.otodom.pl/pl/oferta/bezposrednio-kawalerka-wyposazona-z-sypialnia-balk-ID4n2hs,339 000 zł,Bezpośrednio kawalerka wyposażona z sypialnią balk,"ul. Boiskowa, Bieńkowice, Krzyki, Wrocław, dolnośląskie","24,34 m²",1,2,Zapytaj,Zapytaj,Zapytaj,Zapytaj,Zapytaj,Zapytaj,Zapytaj,[],[]
https://www.otodom.pl/pl/oferta/piekny-apartament-z-widokiem-na-park-ogrod-taras-ID4n3mP,1 599 000 zł,"Piękny apartament z widokiem na park, ogród, taras","Żerniki, Fabryczna, Wrocław, dolnośląskie","93,5 m²",3,1/3,700 zł,tak,Zapytaj,Zapytaj,"balkon, ogródek, taras",Zapytaj,gazowe,[],[]
https://www.otodom.pl/pl/oferta/inwestycyjne-mieszkanie-ul-zelazna-roi-11-3-ID4n3q7,999 000 zł,"Inwestycyjne mieszkanie ul. Żelazna ROI 11,3%","Gajowice, Fabryczna, Wrocław, dolnośląskie","74,66 m²",7,2/5,Zapytaj,Zapytaj,pełna własność,do zamieszkania,balkon,Zapytaj,miejskie,[],[]
https://www.otodom.pl/pl/oferta/przytulne-mieszkanie-2-pokojowe-ul-slowianska-ID4jPcb,445 000 zł,Przytulne mieszkanie 2-pokojowe ul. Słowiańska,"ul. Słowiańska, Nadodrze, Śródmieście, Wrocław, dolnośląskie","38,41 m²",2,5/6,Zapytaj,Zapytaj,pełna własność,do zamieszkania,Zapytaj,Zapytaj,elektryczne,[],[]
https://www.otodom.pl/pl/oferta/mieszkanie-3-p-balkon-loggia-promenady-wroclawskie-ID4n10o,899 000 zł,Mieszkanie 3 p balkon loggia Promenady Wrocławskie,"Promenady Wrocławskie, Kleczków, Psie Pole, Wrocław, dolnośląskie","63,44 m²",3,3/5,Zapytaj,Zapytaj,pełna własność,do zamieszkania,balkon,Zapytaj,miejskie,[],[]
https://www.otodom.pl/pl/oferta/budynek-mieszkalny-7-mieszkan-z-projektem-na-12-ID4mZdC,599 900 zł,Budynek mieszkalny 7 mieszkan z projektem na 12,"Boguszów, Boguszów-Gorce, wałbrzyski, dolnośląskie",330 m²,więcej niż 10,Zapytaj,200 zł,Zapytaj,Zapytaj,do remontu,Zapytaj,Zapytaj,piece kaflowe,[],[]
https://www.otodom.pl/pl/oferta/na-sprzedaz-mieszkanie-w-mrowinach-blisko-zarowa-ID4mQkP,190 000 zł,"Na sprzedaż mieszkanie w Mrowinach, blisko Żarowa","ul. Wojska Polskiego, Mrowiny, Żarów, świdnicki, dolnośląskie","45,45 m²",2,1,250 zł,Zapytaj,pełna własność,do remontu,ogródek,Zapytaj,gazowe,[],[]
https://www.otodom.pl/pl/oferta/mieszkanie-3-pok-z-osobna-kuchnia-ul-popowicka-ID4mYgv,640 000 zł,"Mieszkanie 3 pok. z osobną kuchnią, ul. Popowicka","ul. Popowicka 122, Popowice Północne, Fabryczna, Wrocław, dolnośląskie","54,1 m²",3,3/4,530 zł,Zapytaj,pełna własność,Zapytaj,balkon,Zapytaj,miejskie,[],[]
https://www.otodom.pl/pl/oferta/2pok-50-m-urzadzone-10-min-od-centrum-wroclaw-ID4mYq1,720 000 zł,"2pok. 50 m, urządzone, 10 min od centrum Wrocław","ul. Chorwacka, Różanka, Psie Pole, Wrocław, dolnośląskie",50 m²,2,1/4,520 zł,tak,pełna własność,do zamieszkania,"balkon, taras",Zapytaj,miejskie,[],[]
https://www.otodom.pl/pl/oferta/3-pok-70-m2-gadow-maly-ID4mQ5v,735 000 zł,"3 pok., 70 m2 Gądów Mały","Gądów, Fabryczna, Wrocław, dolnośląskie","70,2 m²",3,2/10,1 200 zł,Zapytaj,spółdzielcze wł. prawo do lokalu,do zamieszkania,balkon,Zapytaj,miejskie,[],[]
https://www.otodom.pl/pl/oferta/ovo-taras-widok-top-wykonczenie-spacer-3d-ID4mX2W,3 205 980 zł,"Ovo, taras, widok, top wykończenie- spacer 3D","ul. Podwale, Przedmieście Oławskie, Krzyki, Wrocław, dolnośląskie","118,77 m²",4,6/6,1 500 zł,Wirtualny spacer,pełna własność,Zapytaj,taras,garaż/miejsce parkingowe,miejskie,[],[]
https://www.otodom.pl/pl/oferta/4pok-dwa-poziomy-114m-fotowoltaika-w-centrum-ID4n6C5,679 000 zł,"4pok, dwa poziomy 114m² + fotowoltaika w centrum!","ul. Lwowska, Oleśnica, oleśnicki, dolnośląskie",114 m²,4,Zapytaj,Zapytaj,Wirtualny spacer,pełna własność,do zamieszkania,Zapytaj,Zapytaj,gazowe,[],[]
https://www.otodom.pl/pl/oferta/pilnie-2-pok-mieszkanie-wroclaw-ID4n6C2,460 000 zł,Pilnie 2 pok mieszkanie Wrocław,"ul. Rogowska, Nowy Dwór, Fabryczna, Wrocław, dolnośląskie",50 m²,2,3/4,Zapytaj,Zapytaj,pełna własność,Zapytaj,balkon,garaż/miejsce parkingowe,Zapytaj,[],[]
https://www.otodom.pl/pl/oferta/nowoczesne-dwupietrowe-mieszkanie-80-m2-ID4mBtA,789 000 zł,Nowoczesne dwupiętrowe mieszkanie - 80 m2,"Siechnice, Siechnice, wrocławski, dolnośląskie",80 m²,4,2/2,Zapytaj,Zapytaj,pełna własność,do zamieszkania,balkon,Zapytaj,miejskie,[],[]
https://www.otodom.pl/pl/oferta/mieszkanie-2-pokoje-45m-gaj-ul-w-rutkiewicz-ID4n3sX,560 000 zł,"Mieszkanie 2 pokoje (45m), Gaj ul. W.Rutkiewicz","ul. Wandy Rutkiewicz, Gaj, Krzyki, Wrocław, dolnośląskie","45,19 m²",2,parter/3,430 zł,Zapytaj,spółdzielcze wł. prawo do lokalu,do zamieszkania,balkon,Zapytaj,miejskie,[],[]
https://www.otodom.pl/pl/oferta/inwestycyjne-mieszkanie-w-centrum-wroclawia-ID4mWLZ,640 000 zł,Inwestycyjne mieszkanie w centrum Wrocławia,"ul. Ołowiana, Gajowice, Fabryczna, Wrocław, dolnośląskie","66,7 m²",3,4/4,414 zł,Zapytaj,spółdzielcze wł. prawo do lokalu,do zamieszkania,balkon,Zapytaj,miejskie,[],[]
https://www.otodom.pl/pl/oferta/mieszkanie-2-pok-na-starym-miescie-ID4n566,355 000 zł,Mieszkanie 2 pok. na Starym Mieście,"ul. Kotlarska, Głogów, głogowski, dolnośląskie",40 m²,2,3/4,320 zł,Zapytaj,pełna własność,do zamieszkania,balkon,Zapytaj,gazowe,[],[]
https://www.otodom.pl/pl/oferta/rozkladowe-2-pokojowe-gotowe-inwestycja-ID4n5Ve,634 000 zł,Rozkładowe 2-pokojowe GOTOWE/INWESTYCJA,"Muchobór Mały, Fabryczna, Wrocław, dolnośląskie","52,1 m²",2,3/10,700 zł,Zapytaj,spółdzielcze wł. prawo do lokalu,do zamieszkania,balkon,Zapytaj,miejskie,[],[]
https://www.otodom.pl/pl/oferta/sprzedam-3-pokojowe-mieszkanie-do-remontu-ID4n2R7,580 000 zł,Sprzedam 3-pokojowe mieszkanie do remontu,"ul. Spiżowa, Gajowice, Fabryczna, Wrocław, dolnośląskie","62,43 m²",3,parter/4,650 zł,Zapytaj,pełna własność,do remontu,Zapytaj,Zapytaj,miejskie,[],[]
https://www.otodom.pl/pl/oferta/mieszkanie-2-pokoje-54m-4-pietro-ID4mFeS,160 000 zł,"Mieszkanie 2 pokoje, 54m, 4 piętro","ul. Leona Wyczółkowskiego, Bogatynia, Bogatynia, zgorzelecki, dolnośląskie","54,7 m²",2,4/4,Zapytaj,Zapytaj,Zapytaj,Zapytaj,balkon,Zapytaj,miejskie,[],[]
https://www.otodom.pl/pl/oferta/sprzedam-mieszkanie-ID4n2cn,180 000 zł,Sprzedam mieszkanie,"ul. Teatralna, Nowa Ruda, kłodzki, dolnośląskie",36 m²,2,parter/2,441 zł,Zapytaj,spółdzielcze wł. prawo do lokalu,Zapytaj,balkon,Zapytaj,elektryczne,[],[]
https://www.otodom.pl/pl/oferta/mieszkanie-29-90-m-legnica-ID4n2qZ,229 000 zł,"Mieszkanie, 29,90 m², Legnica","ul. Jagiellońska 13/17, Legnica, dolnośląskie","29,9 m²",1,1/4,290 zł,Zapytaj,pełna własność,Zapytaj,balkon,Zapytaj,miejskie,[],[]
https://www.otodom.pl/pl/oferta/nowe-2017-srodmiescie-media-miejskie-ID4mC7B,899 000 zł,Nowe 2017! Śródmieście! Media miejskie!,"ul. kard. Stefana Wyszyńskiego, Ołbin, Śródmieście, Wrocław, dolnośląskie","66,71 m²",3,1/5,650 zł,tak,pełna własność,do zamieszkania,Zapytaj,Zapytaj,miejskie,[],[]
https://www.otodom.pl/pl/oferta/mieszkanie-46m-os-piast-klimatyzowane-ID4mSdc,273 000 zł,"Mieszkanie 46m os. Piast, klimatyzowane","Lubań, lubański, dolnośląskie",46 m²,2,3/4,Zapytaj,Zapytaj,pełna własność,do zamieszkania,Zapytaj,Zapytaj,miejskie,[],[]
https://www.otodom.pl/pl/oferta/2-pokojowe-mieszkanie-46m2-loggia-bez-prowizji-ID4kGmo,549 000 zł,2-pokojowe mieszkanie 46m2 + loggia Bez Prowizji,"Z. Gumińskiej/ul. Odolanowska, Zawidawie, Psie Pole, Wrocław, dolnośląskie","46,67 m²",2,3/4,Zapytaj,Wirtualny spacer,pełna własność,do wykończenia,Zapytaj,garaż/miejsce parkingowe,Zapytaj,"['2-pokojowe mieszkanie numer 14_3_29 na 3. piętrze w budynku 14 w Inwestycji Lokum Verde Dewelopera Lokum Deweloper', 'Strefa aktywnego wypoczynku, ścieżki spacerowo-rowerowe', 'Park Pawłowicki (11 minut spacerem)', 'Las Zakrzowski (4 minuty samochodem)', 'Lidl (4 minuty samochodem)', 'CH Korona, Cinema City (6 minut samochodem)']",[]
https://www.otodom.pl/pl/oferta/3-pokojowe-mieszkanie-58m2-balkon-bezposrednio-ID4hOxA,617 505 zł,3-pokojowe mieszkanie 58m2 + balkon Bezpośrednio,"ul. Suwalska, Maślice, Fabryczna, Wrocław, dolnośląskie","58,81 m²",3,2/2,Zapytaj,Wirtualny spacer,pełna własność,do wykończenia,balkon,Zapytaj,Zapytaj,"['3-pokojowe mieszkanie numer E-2-3 na 2. piętrze w budynku B1 w Inwestycji Osiedle MaŚliczne Dewelopera CTE Investments', 'Kąpielisko Królewiecka (2 minuty rowerem)', 'Park Pilczycki, Las Pilczycki (11 minut rowerem)', 'Przystanek autobusowy (1 minuta spacerem)', 'Żabka (6 minut spacerem)', 'CH N-Park (10 minut spacerem)', 'Stacja kolejowa Wrocław Stadion (4 minuty samochodem)']",[]
https://www.otodom.pl/pl/oferta/jasne-piekne-mieszkanie-zielone-tereny-ID4n0n8,579 000 zł,"Jasne, piękne mieszkanie,zielone tereny","ul. Gwarecka, Pilczyce, Fabryczna, Wrocław, dolnośląskie","50,7 m²",2,1/4,680 zł,Zapytaj,pełna własność,do zamieszkania,Zapytaj,Zapytaj,kotłownia,[],[]
https://www.otodom.pl/pl/oferta/po-remoncie-3-pokoje-centrum-uniwersytet-al-krucza-ID4n0LS,679 000 zł,Po remoncie 3 POKOJE CENTRUM Uniwersytet al.Krucza,"ul. Krucza, Gajowice, Fabryczna, Wrocław, dolnośląskie","57,79 m²",3,4/4,452 zł,Zapytaj,pełna własność,do zamieszkania,Zapytaj,Zapytaj,miejskie,[],[]
https://www.otodom.pl/pl/oferta/mieszkanie-dwupokojowe-bezczynszowe-rynek-ID4mxKE,99 000 zł,Mieszkanie dwupokojowe bezczynszowe Rynek,"ul. Rynek, Kostomłoty, Kostomłoty, średzki, dolnośląskie","31,2 m²",2,2/2,10 zł,tak,pełna własność,do remontu,Zapytaj,Zapytaj,piece kaflowe,[],[]
https://www.otodom.pl/pl/oferta/2-pokojowe-umeblowane-centrum-wroclawia-ID4mzz7,419 000 zł,"2 -pokojowe, umeblowane, Centrum Wrocławia","Tarnogaj, Krzyki, Wrocław, dolnośląskie","31,89 m²",2,1/3,180 zł,Zapytaj,pełna własność,do zamieszkania,Zapytaj,Zapytaj,gazowe,[],[]
https://www.otodom.pl/pl/oferta/sprzedam-bezposrednio-2-pokojowe-mieszkanie-ID4mYSn,499 000 zł,Sprzedam bezpośrednio 2 pokojowe mieszkanie,"ul. Żelazna 56, Gajowice, Fabryczna, Wrocław, dolnośląskie","47,7 m²",2,7/8,500 zł,Zapytaj,pełna własność,do wykończenia,balkon,Zapytaj,miejskie,[],[]
https://www.otodom.pl/pl/oferta/mieszkanie-58m2-biskupin-okazja-remont-2022-ID4n0hk,700 000 zł,"Mieszkanie 58m2, Biskupin, okazja, remont 2022","ul. Bernarda Belotta Canaletta, Bartoszowice, Śródmieście, Wrocław, dolnośląskie",58 m²,5,1/4,800 zł,tak,pełna własność,do zamieszkania,balkon,Zapytaj,miejskie,[],[]
https://www.otodom.pl/pl/oferta/2-pokojowe-mieszkanie-37m2-balkon-bezposrednio-ID4iioj,824 262 zł,2-pokojowe mieszkanie 37m2 + balkon Bezpośrednio,"ul. Czysta, Przedmieście Świdnickie, Stare Miasto, Wrocław, dolnośląskie","37,91 m²",2,6/6,Zapytaj,Wirtualny spacer,pełna własność,do wykończenia,balkon,garaż/miejsce parkingowe,Zapytaj,"['2-pokojowe mieszkanie numer 07.177 na 6. piętrze w Inwestycji Czysta 4 Dewelopera BPI Real Estate Poland', 'Taras widokowy na dachu', 'Strefa co-workingowa', 'Park Mikołaja Kopernika, promenada Staromiejska (3 minuty spacerem)', 'Rynek we Wrocławiu (10 minut spacerem)', 'Przystanek autobusowy (2 minuty spacerem), przystanek tramwajowy (4 minuty spacerem)', 'Stacja PKP ""Wrocław Główny"" (10 minut spacerem)', 'Opera Wrocławska (5 minut spacerem)', 'CH Arkady Wrocławskie (8 minut spacerem)']",[]
https://www.otodom.pl/pl/oferta/mieszkanie-z-ogrodem-72m2-trzy-pokoje-garaz-lux-ID4n21u,890 000 zł,"Mieszkanie z ogrodem 72m2, trzy pokoje, garaż,lux","Iwiny, Siechnice, wrocławski, dolnośląskie",72 m²,3,parter,Zapytaj,Zapytaj,pełna własność,do zamieszkania,"balkon, ogródek, taras",garaż/miejsce parkingowe,gazowe,[],[]
https://www.otodom.pl/pl/oferta/mieszkanie-w-gorach-karpacz-apartament-dwa-pokoje-ID4cDoT,510 000 zł,Mieszkanie w górach Karpacz apartament dwa pokoje,"ul. Bolesława Prusa, Karpacz, karkonoski, dolnośląskie","41,24 m²",4,parter/3,300 zł,Zapytaj,pełna własność,do zamieszkania,Zapytaj,garaż/miejsce parkingowe,miejskie,[],[]
https://www.otodom.pl/pl/oferta/2-pokoje-1-pietro-ogrodek-super-lokalizacja-ID4n0eT,174 000 zł,2 pokoje 1. piętro Ogródek SUPER LOKALIZACJA,"ul. 1 Maja, Bielawa, dzierżoniowski, dolnośląskie",38 m²,2,1/3,Zapytaj,Zapytaj,pełna własność,do remontu,ogródek,Zapytaj,inne,[],[]
https://www.otodom.pl/pl/oferta/nowa-inwestycja-kawalerka-na-2-pietrze-ID4n6Kn,238 280 zł,Nowa inwestycja! Kawalerka na 2 piętrze!,"Świdnica, świdnicki, dolnośląskie","29,6 m²",1,2/4,Zapytaj,Zapytaj,pełna własność,do wykończenia,Zapytaj,Zapytaj,miejskie,[],[]
https://www.otodom.pl/pl/oferta/apartament-resort-spa-gory-inwestycja-ID4jqBa,389 000 zł,apartament resort SPA góry Inwestycja,"ul. Na Skarpie, Biała Woda, Bystrzyca Kłodzka, kłodzki, dolnośląskie","28,13 m²",1,1/4,500 zł,Zapytaj,pełna własność,do zamieszkania,balkon,garaż/miejsce parkingowe,gazowe,[],[]
https://www.otodom.pl/pl/oferta/twoje-miejsce-w-gorach-sprawdz-link-wideo-ID4h0Qr,960 210 zł,Twoje miejsce w górach - sprawdź link wideo,"Szklarska Poręba, karkonoski, dolnośląskie","64,34 m²",2,1/2,550 zł,Zapytaj,pełna własność,do zamieszkania,"balkon, taras",garaż/miejsce parkingowe,elektryczne,[],[]
https://www.otodom.pl/pl/oferta/5-pokojowe-nowe-wykonczone-klimatyzacja-ID4mVtf,949 000 zł,"5 pokojowe, nowe, wykończone, klimatyzacja","ul. Gorlicka, Psie Pole, Psie Pole, Wrocław, dolnośląskie","96,12 m²",5,2,"515,28 zł",Zapytaj,pełna własność,do zamieszkania,balkon,garaż/miejsce parkingowe,kotłownia,[],[]
https://www.otodom.pl/pl/oferta/5500zl-mieszkanie-3-4-pokojowe-61m2-balkon-ogodek-ID4fB4H,339 295 zł,"5500zł Mieszkanie 3/4 pokojowe 61m2, balkon+ogódek","ul. Wierzbowa, Skarbimierz-Osiedle, Skarbimierz, brzeski, opolskie","61,69 m²",3,1/1,Zapytaj,Zapytaj,Zapytaj,do wykończenia,"balkon, ogródek",Zapytaj,gazowe,[],[]
https://www.otodom.pl/pl/oferta/3-pokoje-blisko-centrum-wyposazone-i-umeblowane-ID4mFZR,335 000 zł,"3 pokoje! Blisko centrum, wyposażone i umeblowane","ul. Wałowa, Syców, Syców, oleśnicki, dolnośląskie",54 m²,3,2/4,Zapytaj,Zapytaj,spółdzielcze wł. prawo do lokalu,do zamieszkania,Zapytaj,Zapytaj,Zapytaj,[],[]
https://www.otodom.pl/pl/oferta/mieszkanie-3-pokoje-brzeg-dolny-68-47m2-w-centrum-ID4mB1f,575 000 zł,"Mieszkanie 3 pokoje Brzeg Dolny 68,47m2 w centrum","ul. Mikołaja Kopernika, Brzeg Dolny, Brzeg Dolny, wołowski, dolnośląskie","68,47 m²",3,1/2,Zapytaj,Zapytaj,pełna własność,do wykończenia,balkon,garaż/miejsce parkingowe,miejskie,[],[]
https://www.otodom.pl/pl/oferta/mieszkanie-jagodno-wroclaw-ID4n2r0,840 000 zł,Mieszkanie Jagodno Wrocław,"Jagodno, Krzyki, Wrocław, dolnośląskie","60,94 m²",3,2/4,Zapytaj,Zapytaj,Zapytaj,do zamieszkania,taras,garaż/miejsce parkingowe,miejskie,[],[]
https://www.otodom.pl/pl/oferta/sprzedam-mieszkanie-w-walbrzychu-w-dzielnicy-bialy-ID4n2aX,168 000 zł,Sprzedam mieszkanie w Wałbrzychu w dzielnicy Biały,"ul. Piaskowa, Biały Kamień, Wałbrzych, dolnośląskie","34,04 m²",2,parter/3,130 zł,Zapytaj,pełna własność,do zamieszkania,Zapytaj,Zapytaj,inne,[],[]
https://www.otodom.pl/pl/oferta/sloneczne-dwustronne-w-pelni-wyposazone-ID4n3kQ,350 000 zł,Słoneczne dwustronne w pełni wyposażone,"Siechnice, Siechnice, wrocławski, dolnośląskie",48 m²,2,2/2,Zapytaj,tak,pełna własność,do zamieszkania,Zapytaj,Zapytaj,miejskie,[],[]
https://www.otodom.pl/pl/oferta/kawalerka-na-spokojnym-i-zielonym-osiedlu-ID4n373,399 000 zł,★ Kawalerka na spokojnym i zielonym osiedlu ★,"ul. Buforowa, Jagodno, Krzyki, Wrocław, dolnośląskie","27,23 m²",1,parter,380 zł,Film,pełna własność,do zamieszkania,taras,Zapytaj,kotłownia,[],[]
https://www.otodom.pl/pl/oferta/zadbane-ciche-funkcjonalne-i-lokalizacja-ID4n657,740 000 zł,"Zadbane, ciche, funkcjonalne i... lokalizacja","ul. Benedyktyńska, Plac Grunwaldzki, Śródmieście, Wrocław, dolnośląskie",60 m²,3,3/10,850 zł,Zapytaj,spółdzielcze wł. prawo do lokalu,do zamieszkania,Zapytaj,Zapytaj,miejskie,[],[]
https://www.otodom.pl/pl/oferta/zerniki-109m2-ID4lQ4u,950 000 zł,"Żerniki, 109m2","Żerniki, ulica Kiemliczów, Żerniki, Fabryczna, Wrocław, dolnośląskie",109 m²,4,3/2,1 200 zł,Zapytaj,spółdzielcze wł. prawo do lokalu,do zamieszkania,balkon,garaż/miejsce parkingowe,miejskie,[],[]
https://www.otodom.pl/pl/oferta/kawalerka-25m2-grabiszynska-spizowa-hit-na-juz-ID4i91m,399 000 zł,Kawalerka 25m2 Grabiszyńska / Spiżowa_HIT na JUŻ,"ul. Spiżowa, Gajowice, Fabryczna, Wrocław, dolnośląskie",25 m²,1,3/4,250 zł,Wirtualny spacer,pełna własność,do zamieszkania,balkon,Zapytaj,miejskie,[],[]
https://www.otodom.pl/pl/oferta/luksusowy-apartament-w-zielonej-etiudzie-ID4n3ay,459 900 zł,Luksusowy apartament w Zielonej Etiudzie,"ul. Ofiar Oświęcimskich, Świdnica, świdnicki, dolnośląskie",46 m²,2,3/3,500 zł,Zapytaj,pełna własność,do zamieszkania,Zapytaj,garaż/miejsce parkingowe,miejskie,[],[]
https://www.otodom.pl/pl/oferta/sloneczny-nowy-otok-6-b2-mieszkanie-z-tarasem-ID4hbvK,469 500 zł,☀️Słoneczny Nowy Otok☀️ 6/B2 Mieszkanie z tarasem,"ul. Wesoła, Oława, oławski, dolnośląskie","62,6 m²",3,1/1,Zapytaj,Zapytaj,pełna własność,do wykończenia,taras,garaż/miejsce parkingowe,inne,[],[]
https://www.otodom.pl/pl/oferta/2-pokoje-balkon-garaz-dwumiejscowy-ul-chorwacka-ID4mZ0k,799 000 zł,"2 pokoje, balkon, garaż dwumiejscowy, ul.Chorwacka","Różanka, Psie Pole, Wrocław, dolnośląskie","59,34 m²",2,7/7,890 zł,Zapytaj,pełna własność,do zamieszkania,balkon,garaż/miejsce parkingowe,miejskie,"['Łazienka z toaletą: 6,12 m2', 'Sypialnia: 19,20 m2', 'Salon + kuchnia: 29.28 m2', 'Korytarz: 4,62 m2']",[]
https://www.otodom.pl/pl/oferta/nowe-mieszkanie-50-m2-z-ogrodkiem-i-parkingiem-ID4n7aq,370 000 zł,Nowe mieszkanie 50 m2 z ogródkiem i parkingiem,"Oława, oławski, dolnośląskie",50 m²,3,1/1,Zapytaj,Zapytaj,pełna własność,do wykończenia,ogródek,garaż/miejsce parkingowe,elektryczne,[],The info was not provided
https://www.otodom.pl/pl/oferta/rynek-atrakcyjne-trzypokojowe-rozkladowe-ID4mPCW,980 000 zł,Rynek atrakcyjne trzypokojowe rozkładowe,"Rynek 20-21, Stare Miasto, Stare Miasto, Wrocław, dolnośląskie","68,98 m²",3,4/4,900 zł,Zapytaj,pełna własność,do zamieszkania,Zapytaj,garaż/miejsce parkingowe,miejskie,[],The info was not provided
https://www.otodom.pl/pl/oferta/nowa-czernica-mieszkanie-cz2-12-ID4lfPh,323 800 zł,Nowa Czernica | mieszkanie CZ2.12,"ul. Wojska Polskiego, Czernica, Czernica, wrocławski, dolnośląskie","40,43 m²",2,1/5,Zapytaj,Zapytaj,pełna własność,do wykończenia,Zapytaj,garaż/miejsce parkingowe,Zapytaj,[],The info was not provided
https://www.otodom.pl/pl/oferta/apartament-panorama-ski-bike-spa-restaurant-ID4kScX,340 000 zł,Apartament Panorama Ski Bike Spa & Restaurant,"Biała Woda, Bystrzyca Kłodzka, kłodzki, dolnośląskie","28,27 m²",1,parter/3,Zapytaj,Film,Zapytaj,do zamieszkania,balkon,Zapytaj,Zapytaj,"['powierzchnia 28,27 mkw.', 'lokal składa się z: salonu, łazienki oraz przedpokoju z aneksem kuchennym', 'wyposażenie lokalu w cenie']",[]
https://www.otodom.pl/pl/oferta/raclawicka-platinum-mieszkanie-1-2-ID4iKsp,845 495 zł,Racławicka Platinum | mieszkanie 1-2,"ul. Racławicka, Grabiszynek, Fabryczna, Wrocław, dolnośląskie","71,05 m²",3,1/3,Zapytaj,Zapytaj,pełna własność,do wykończenia,balkon,garaż/miejsce parkingowe,Zapytaj,"['Świetne 3-pokojowe mieszkanie położone na 1 piętrze w inwestycji Racławicka Platinum', 'Wyjątkowy lokal o powierzchni 71,05 m kw., balkon z salonem i aneksem kuchennym od strony zielonego dziedzińca od strony zachodniej / popołudniami słońce/', 'Cechą inwestycji jest wysoki standard i świetna lokalizacja. Zapraszamy do zapoznania się z ofertą i do kontaktu.']",[]
https://www.otodom.pl/pl/oferta/zwieksz-swoje-zyski-gotowa-inwestycja-2-w-1-ID4kS2R,470 000 zł,"Zwieksz Swoje Zyski! Gotowa Inwestycja ""2 W 1""","Legnica, dolnośląskie",81 m²,4,3/4,300 zł,Zapytaj,pełna własność,do zamieszkania,Zapytaj,Zapytaj,Zapytaj,[],[]
https://www.otodom.pl/pl/oferta/mieszkanie-61-m-jelenia-gora-ID4kRZU,550 000 zł,"Mieszkanie, 61 m², Jelenia Góra","Staniszów, Podgórzyn, karkonoski, dolnośląskie",61 m²,3,4/4,500 zł,Zapytaj,Zapytaj,do zamieszkania,Zapytaj,garaż/miejsce parkingowe,miejskie,[],[]
https://www.otodom.pl/pl/oferta/mieszkanie-w-centrum-bystrzycy-klodzkiej-ID4kRYP,199 000 zł,Mieszkanie w centrum Bystrzycy Kłodzkiej,"Bystrzyca Kłodzka, Bystrzyca Kłodzka, kłodzki, dolnośląskie",50 m²,1,2/3,Zapytaj,Zapytaj,pełna własność,Zapytaj,Zapytaj,Zapytaj,Zapytaj,[],[]
https://www.otodom.pl/pl/oferta/okolice-ul-brzozowej-nowe2001-2-garaze-ogrod-ID4kRWl,975 000 zł,okolice ul. Brzozowej NOWE2001/2 GARAŻE/OGRÓD,"Wysoka, Kobierzyce, wrocławski, dolnośląskie",78 m²,3,parter/2,1 000 zł,Zapytaj,pełna własność,do zamieszkania,"ogródek, taras",garaż/miejsce parkingowe,miejskie,[],[]
https://www.otodom.pl/pl/oferta/swiebodzice-centrum-wysoki-standard-ID4kRBu,339 000 zł,"Świebodzice, centrum, wysoki standard!","Świebodzice, świdnicki, dolnośląskie",75 m²,3,2/3,Zapytaj,Zapytaj,pełna własność,Zapytaj,Zapytaj,Zapytaj,Zapytaj,[],[]
https://www.otodom.pl/pl/oferta/wykonczona-i-umeblowana-kawalerka-przy-uczelni-ID4kRAA,380 000 zł,Wykończona i umeblowana kawalerka przy uczelni,"Przedmieście Świdnickie, Stare Miasto, Wrocław, dolnośląskie","21,52 m²",1,parter/2,Zapytaj,Zapytaj,pełna własność,do zamieszkania,Zapytaj,Zapytaj,Zapytaj,[],[]
https://www.otodom.pl/pl/oferta/mieszkanie-na-1-pietrze-56m-przy-ul-andromedy-ID4kRxe,285 000 zł,Mieszkanie na 1 piętrze 56m przy ul. Andromedy,"Głogów, głogowski, dolnośląskie","56,2 m²",3,1/4,Zapytaj,Zapytaj,spółdzielcze wł. prawo do lokalu,do zamieszkania,balkon,Zapytaj,miejskie,[],[]
https://www.otodom.pl/pl/oferta/mieszkanie-4-pokojowe-tarninow-ID4kRvY,490 000 zł,Mieszkanie 4 pokojowe Tarninów,"ul. Franklina Roosevelta, Legnica, dolnośląskie",124 m²,4,4/4,380 zł,Zapytaj,Zapytaj,do wykończenia,Zapytaj,Zapytaj,gazowe,[],[]
https://www.otodom.pl/pl/oferta/2-pokoje-z-balkonem-i-miejscem-postojowym-ID4jYVQ,238 500 zł,2 pokoje z balkonem i miejscem postojowym,"Kamienna Góra, kamiennogórski, dolnośląskie","39,75 m²",2,2/2,Zapytaj,tak,pełna własność,do wykończenia,balkon,garaż/miejsce parkingowe,inne,[],[]
https://www.otodom.pl/pl/oferta/na-sprzedaz-mieszkanie-w-centrum-zabkowic-slaskich-ID4kRuH,145 000 zł,Na sprzedaż mieszkanie w centrum Ząbkowic Śląskich,"Ząbkowice Śląskie, Ząbkowice Śląskie, ząbkowicki, dolnośląskie","33,67 m²",2,1/4,300 zł,Zapytaj,spółdzielcze wł. prawo do lokalu,do remontu,Zapytaj,Zapytaj,miejskie,[],[]
https://www.otodom.pl/pl/oferta/nowoczesne-apartamenty-z-widokiem-w-karpaczu-ID4eCXF,386 320 zł,Nowoczesne apartamenty z widokiem w Karpaczu!,"ul. Karkonoska, Karpacz, karkonoski, dolnośląskie","35,12 m²",2,1/2,Zapytaj,Zapytaj,pełna własność,do wykończenia,taras,garaż/miejsce parkingowe,gazowe,[],[]
https://www.otodom.pl/pl/oferta/okazja-3w1-ID4kRs6,530 000 zł,Okazja 3w1 !!!,"Śródmieście, Jelenia Góra, dolnośląskie",194 m²,6,1/1,Zapytaj,Zapytaj,pełna własność,do wykończenia,Zapytaj,Zapytaj,Zapytaj,[],[]
https://www.otodom.pl/pl/oferta/mieszkanie-3-pokoje-wysoki-standard-ID4il9w,679 000 zł,Mieszkanie 3 pokoje wysoki standard,"Grabiszyn, Fabryczna, Wrocław, dolnośląskie",60 m²,3,1/4,Zapytaj,Zapytaj,Zapytaj,Zapytaj,Zapytaj,Zapytaj,gazowe,[],[]
https://www.otodom.pl/pl/oferta/mieszkanie-walbrzych-srodmiescie-ID4kRfh,259 000 zł,Mieszkanie - Wałbrzych Śródmieście,"Śródmieście, Wałbrzych, dolnośląskie","56,8 m²",3,parter/3,Zapytaj,Zapytaj,Zapytaj,do zamieszkania,Zapytaj,Zapytaj,Zapytaj,[],[]
https://www.otodom.pl/pl/oferta/sloneczne-mieszkanie-w-pilawie-gornej-ID4kR2A,130 000 zł,Słoneczne mieszkanie w Piławie Górnej,"Piława Górna, dzierżoniowski, dolnośląskie","40,6 m²",2,3/4,78 zł,Zapytaj,pełna własność,do remontu,Zapytaj,garaż/miejsce parkingowe,gazowe,[],[]
https://www.otodom.pl/pl/oferta/okolice-ul-litewskiej-rozklad-co-miejskie-ID4kQZW,560 000 zł,Okolice ul. Litewskiej Rozkład/CO miejskie,"ul. Litewska, Psie Pole, Psie Pole, Wrocław, dolnośląskie",63 m²,3,9/10,600 zł,Zapytaj,Zapytaj,Zapytaj,balkon,garaż/miejsce parkingowe,miejskie,[],[]
https://www.otodom.pl/pl/oferta/2-pokoje-pelen-rozklad-klecina-urzadzone-kredyt2-ID4bq5g,549 000 zł,2 Pokoje/Pełen rozkład/Klecina/Urządzone/Kredyt2%,"ul. Szparagowa, Klecina, Krzyki, Wrocław, dolnośląskie","46,86 m²",2,parter/3,340 zł,tak,pełna własność,do zamieszkania,Zapytaj,Zapytaj,gazowe,[],The info was not provided
https://www.otodom.pl/pl/oferta/zerniki-109m2-ID4lQ4u,950 000 zł,"Żerniki, 109m2","Żerniki, ulica Kiemliczów, Żerniki, Fabryczna, Wrocław, dolnośląskie",109 m²,4,3/2,1 200 zł,Zapytaj,spółdzielcze wł. prawo do lokalu,do zamieszkania,balkon,garaż/miejsce parkingowe,miejskie,[],The info was not provided
https://www.otodom.pl/pl/oferta/zadbane-ciche-funkcjonalne-i-lokalizacja-ID4n657,740 000 zł,"Zadbane, ciche, funkcjonalne i... lokalizacja","ul. Benedyktyńska, Plac Grunwaldzki, Śródmieście, Wrocław, dolnośląskie",60 m²,3,3/10,850 zł,Zapytaj,spółdzielcze wł. prawo do lokalu,do zamieszkania,Zapytaj,Zapytaj,miejskie,[],The info was not provided
https://www.otodom.pl/pl/oferta/mieszkanie-z-balkonem-ID4luX8,185 000 zł,Mieszkanie z balkonem,"Lubin, lubiński, dolnośląskie","44,4 m²",2,4/4,Zapytaj,Zapytaj,Zapytaj,Zapytaj,Zapytaj,Zapytaj,Zapytaj,[],The info was not provided
https://www.otodom.pl/pl/oferta/spokoj-zielen-z-widokiem-na-park-grabiszynski-ID4ln8P,1 090 000 zł,"Spokój, zieleń, z widokiem na Park Grabiszyński","ul. Henryka Arctowskiego, Grabiszyn, Fabryczna, Wrocław, dolnośląskie",97 m²,4,2/2,Zapytaj,tak,pełna własność,do zamieszkania,ogródek,garaż/miejsce parkingowe,gazowe,[],The info was not provided
https://www.otodom.pl/pl/oferta/obnizka-ceny-o-30-tys-poprzednia-865-tys-ID4kyQj,835 000 zł,Obniżka ceny o 30 tys. (poprzednia 865 tys.)!,"ul. Krzycka, Krzyki, Krzyki, Wrocław, dolnośląskie",68 m²,3,parter/3,470 zł,Zapytaj,pełna własność,do zamieszkania,"balkon, taras",garaż/miejsce parkingowe,miejskie,[],The info was not provided
https://www.otodom.pl/pl/oferta/bezczynszowe-dwupokojowe-z-pieknym-ogrodem-ID4mZnw,539 000 zł,Bezczynszowe dwupokojowe z pięknym ogrodem!,"ul. Witebska, Zawidawie, Psie Pole, Wrocław, dolnośląskie","47,5 m²",2,1,Zapytaj,tak,udział,do zamieszkania,ogródek,garaż/miejsce parkingowe,gazowe,[],The info was not provided
https://www.otodom.pl/pl/oferta/4-pokoje-z-balkonem-centrum-ID4g6XU,360 000 zł,4 pokoje z balkonem CENTRUM,"Legnica, dolnośląskie",60 m²,4,2/4,500 zł,Zapytaj,Zapytaj,Zapytaj,balkon,Zapytaj,miejskie,[],The info was not provided
https://www.otodom.pl/pl/oferta/apartament-2-pokojowy-fv-czarna-gora-ID4g7J7,512 400 zł,Apartament 2 pokojowy | FV | Czarna Góra,"Janowa Góra, Stronie Śląskie, kłodzki, dolnośląskie",42 m²,2,2/4,650 zł,Zapytaj,pełna własność,do zamieszkania,balkon,garaż/miejsce parkingowe,kotłownia,[],The info was not provided
https://www.otodom.pl/pl/oferta/mieszkanie-50m2-3pok-plac-ratuszowy-ID4n4kB,345 000 zł,"Mieszkanie 50m2, 3pok, Plac Ratuszowy!","ul. Pionierów Jeleniej Góry, Śródmieście, Jelenia Góra, dolnośląskie",50 m²,3,4/4,660 zł,Zapytaj,pełna własność,do wykończenia,Zapytaj,Zapytaj,miejskie,"['3 pokoje\n-1 przestronny, wysoki, słoneczny salon\n-2 osobne pokoje (jeden na piętrze)', 'kuchnia z oknem', 'łazienka z wc', 'przedpokój']",['piwnica']
https://www.otodom.pl/pl/oferta/sloneczne-2-pokojowe-mieszkanie-ID4nazA,499 000 zł,Słoneczne 2 pokojowe mieszkanie,"pl. Stanisława Staszica, Nadodrze, Śródmieście, Wrocław, dolnośląskie","46,2 m²",2,3/5,Zapytaj,Zapytaj,pełna własność,do zamieszkania,Zapytaj,Zapytaj,elektryczne,[],[]
https://www.otodom.pl/pl/oferta/nowoczesny-apartament-zmigrod-nowa-dzielnica-ID4n7IJ,435 000 zł,Nowoczesny Apartament - Żmigród Nowa Dzielnica !,"Wrzosowa, Żmigród, Żmigród, trzebnicki, dolnośląskie","65,62 m²",3,1/1,Zapytaj,tak,pełna własność,do wykończenia,balkon,garaż/miejsce parkingowe,elektryczne,[],[]
https://www.otodom.pl/pl/oferta/mieszkanie-z-balkonem-z-widokiem-na-karkonosze-ID4lWTS,380 000 zł,Mieszkanie z balkonem z widokiem na Karkonosze,"ul. Mieczysława Karłowicza, Zabobrze, Jelenia Góra, dolnośląskie","47,5 m²",2,4/4,650 zł,Zapytaj,pełna własność,do zamieszkania,balkon,garaż/miejsce parkingowe,miejskie,[],[]
https://www.otodom.pl/pl/oferta/iii-etap-3-pokoje-miejsce-postojowe-w-cenie-ID4nby8,425 000 zł,"III etap, 3 pokoje, miejsce postojowe w cenie","ul. Zielona, Siechnice, Siechnice, wrocławski, dolnośląskie","45,5 m²",3,2/2,80 zł,Zapytaj,pełna własność,do wykończenia,balkon,garaż/miejsce parkingowe,miejskie,[],[]
https://www.otodom.pl/pl/oferta/na-spacer-to-moze-do-rynku-ID4nby6,518 000 zł,Na spacer ? To może do Rynku ?!,"Stare Miasto, Stare Miasto, Wrocław, dolnośląskie",45 m²,2,8,Zapytaj,Zapytaj,Zapytaj,Zapytaj,Zapytaj,Zapytaj,miejskie,[],[]
https://www.otodom.pl/pl/oferta/narozne-3-pokoje-z-balkonem-i-miejscem-postojowym-ID4nbxI,459 000 zł,Narożne 3 pokoje z balkonem i miejscem postojowym,"ul. Zielona, Siechnice, Siechnice, wrocławski, dolnośląskie","46,6 m²",3,2/2,100 zł,Zapytaj,pełna własność,do wykończenia,balkon,garaż/miejsce parkingowe,miejskie,[],[]
https://www.otodom.pl/pl/oferta/2-pokojowe-mieszkanie-klodzko-ul-dabrowki-ID4mNk2,320 000 zł,"2 - pokojowe mieszkanie, Kłodzko, ul. Dąbrówki","ul. Dąbrówki, Kłodzko, kłodzki, dolnośląskie","46,61 m²",2,1/4,Zapytaj,Zapytaj,pełna własność,do zamieszkania,balkon,Zapytaj,miejskie,[],The info was not provided
https://www.otodom.pl/pl/oferta/urzadzone-dwa-pokoje-wszystko-nowe-komorowska-ID4n7Ev,479 000 zł,"Urządzone, dwa pokoje, wszystko nowe, Komorowska","ul. Komorowska, Nowy Dwór, Fabryczna, Wrocław, dolnośląskie",36 m²,2,1/3,600 zł,Zapytaj,pełna własność,do zamieszkania,Zapytaj,Zapytaj,miejskie,[],The info was not provided
https://www.otodom.pl/pl/oferta/mieszkanie-dwupoziomowe-96m-ul-wroclawska-ID4n1kI,695 000 zł,Mieszkanie dwupoziomowe 96m ul.Wrocławska,"ul. Wrocławska, Trzebnica, Trzebnica, trzebnicki, dolnośląskie",96 m²,4,2/2,500 zł,Zapytaj,pełna własność,do zamieszkania,balkon,garaż/miejsce parkingowe,gazowe,[],The info was not provided
https://www.otodom.pl/pl/oferta/2-pokoje-47-79-m2-na-start-lutynia-ID4n8R7,349 969 zł,"2 pokoje, 47,79 m2, Na Start, Lutynia","ul. Słoneczna, Lutynia, Miękinia, średzki, dolnośląskie","47,79 m²",2,2/2,Zapytaj,Zapytaj,Zapytaj,Zapytaj,balkon,Zapytaj,gazowe,[],The info was not provided
https://www.otodom.pl/pl/oferta/2-pokoje-46-91-m2-najlepsze-na-start-lutynia-ID4n8R6,349 400 zł,"2 pokoje, 46,91 m2, najlepsze na start, Lutynia","ul. Słoneczna, Lutynia, Miękinia, średzki, dolnośląskie","46,91 m²",2,1/2,Zapytaj,Zapytaj,Zapytaj,Zapytaj,balkon,Zapytaj,gazowe,[],The info was not provided
https://www.otodom.pl/pl/oferta/mieszkanie-3-pokojowe-piekny-widok-i-autostrada-ID4msgL,280 000 zł,"Mieszkanie 3 pokojowe, piękny widok i autostrada","Spalice, Oleśnica, oleśnicki, dolnośląskie","55,5 m²",3,1/3,Zapytaj,Zapytaj,pełna własność,do zamieszkania,Zapytaj,garaż/miejsce parkingowe,inne,[],The info was not provided
https://www.otodom.pl/pl/oferta/stablowice-willowe-komfort-duzy-garaz-ws-ogrod-ID4jtUF,625 000 zł,"Stabłowice, willowe, komfort, duży garaż ws, ogród","ul. Górecka, Leśnica, Fabryczna, Wrocław, dolnośląskie",47 m²,2,1/1,Zapytaj,Zapytaj,pełna własność,do zamieszkania,ogródek,garaż/miejsce parkingowe,gazowe,[],The info was not provided
https://www.otodom.pl/pl/oferta/mieszkanie-po-remoncie-gotowe-do-zamieszkania-ID4n9MY,389 000 zł,"Mieszkanie po remoncie, gotowe do zamieszkania","Kłodzko, kłodzki, dolnośląskie","52,9 m²",3,5/10,380 zł,tak,spółdzielcze wł. prawo do lokalu,do zamieszkania,balkon,Zapytaj,miejskie,[],The info was not provided
https://www.otodom.pl/pl/oferta/mieszkanie-85m2-centrum-dyzy-potencjal-inwest-ID4mE5S,630 000 zł,Mieszkanie 85m2 / Centrum / Dyży potencjał inwest.,"Polanica-Zdrój, kłodzki, dolnośląskie",85 m²,3,1/2,Zapytaj,Zapytaj,pełna własność,do zamieszkania,ogródek,Zapytaj,gazowe,[],The info was not provided
https://www.otodom.pl/pl/oferta/sprzedam-mieszkanie-w-gozdnicy-ID4mGc8,260 000 zł,Sprzedam mieszkanie w Gozdnicy,"Gozdnica, żagański, lubuskie",43 m²,1,parter/1,300 zł,Zapytaj,pełna własność,do zamieszkania,ogródek,garaż/miejsce parkingowe,gazowe,[],[]
https://www.otodom.pl/pl/oferta/m2-kiepury-po-remoncie-z-wyposazeniem-ID4n6yc,425 000 zł,M2 Kiepury po remoncie z wyposażeniem!!,"ul. Jana Kiepury, Zabobrze, Jelenia Góra, dolnośląskie",54 m²,2,3/4,410 zł,Zapytaj,pełna własność,do zamieszkania,balkon,Zapytaj,miejskie,[],[]
https://www.otodom.pl/pl/oferta/rozkladowe-2-pokoje-balkon-piwnica-grabiszyn-ID4n9SS,505 000 zł,rozkładowe 2 pokoje + balkon + piwnica / Grabiszyn,"Gajowice, Fabryczna, Wrocław, dolnośląskie","41,7 m²",2,4/10,Zapytaj,Zapytaj,Zapytaj,do zamieszkania,balkon,Zapytaj,miejskie,[],[]
https://www.otodom.pl/pl/oferta/gotowe-do-odbioru-idealne-dla-rodziny-ID4n2ex,679 000 zł,Gotowe do odbioru | idealne dla rodziny,"Zawidawie, Psie Pole, Wrocław, dolnośląskie","65,8 m²",4,parter/4,Zapytaj,Zapytaj,Zapytaj,do wykończenia,balkon,Zapytaj,miejskie,[],[]
https://www.otodom.pl/pl/oferta/odkryj-urok-60m-mieszkania-przy-ul-srodkowej-ID4mhRz,659 000 zł,Odkryj Urok 60m² Mieszkania przy ul. Środkowej,"ul. Środkowa, Szczepin, Stare Miasto, Wrocław, dolnośląskie",60 m²,2,1/5,400 zł,tak,pełna własność,do zamieszkania,Zapytaj,Zapytaj,gazowe,[],[]
https://www.otodom.pl/pl/oferta/okolice-ul-kleczkowskiej-piwnica-inwestycja-ID4n9Wx,579 312 zł,Okolice ul.Kleczkowskiej/Piwnica/Inwestycja,"Karłowice, Psie Pole, Wrocław, dolnośląskie",64 m²,3,parter/5,570 zł,Zapytaj,Zapytaj,do wykończenia,Zapytaj,garaż/miejsce parkingowe,miejskie,[],[]
https://www.otodom.pl/pl/oferta/gotowe-do-wprowadzenia-od-zaraz-ID4lzoA,689 900 zł,Gotowe do wprowadzenia od zaraz,"ul. Opolska, Księże, Krzyki, Wrocław, dolnośląskie","65,6 m²",3,1/3,650 zł,Zapytaj,pełna własność,do zamieszkania,taras,garaż/miejsce parkingowe,miejskie,[],[]
https://www.otodom.pl/pl/oferta/maslice-piwnica-balkon-nowe-budownictwo-ID4na1Z,500 000 zł,Maślice/Piwnica/Balkon/Nowe budownictwo,"Pilczyce, Fabryczna, Wrocław, dolnośląskie",47 m²,2,2/3,630 zł,Zapytaj,pełna własność,Zapytaj,balkon,Zapytaj,miejskie,[],[]
https://www.otodom.pl/pl/oferta/balkon-kawalerka-klecina-nowe-budownictwo-ID4na2o,419 900 zł,Balkon | Kawalerka | Klecina | Nowe budownictwo,"Klecina, Krzyki, Wrocław, dolnośląskie","33,99 m²",1,1/2,550 zł,Zapytaj,pełna własność,do zamieszkania,balkon,Zapytaj,miejskie,[],[]
https://www.otodom.pl/pl/oferta/1-ga-maja-centrum-parter-ID4lqTv,499 000 zł,1-ga Maja-Centrum-Parter,"1-go Maja, Oława, oławski, dolnośląskie","97,8 m²",4,1/3,980 zł,Zapytaj,pełna własność,do wykończenia,Zapytaj,Zapytaj,miejskie,[],[]
https://www.otodom.pl/pl/oferta/mieszkanie-z-widokiem-na-gory-izerskie-82-3-m2-ID4cGrR,419 000 zł,"Mieszkanie z widokiem na góry izerskie | 82,3 m2","ul. Strzelnicza, Gryfów Śląski, Gryfów Śląski, lwówecki, dolnośląskie","82,3 m²",4,3/3,400 zł,Zapytaj,pełna własność,do zamieszkania,Zapytaj,Zapytaj,inne,[],[]
https://www.otodom.pl/pl/oferta/super-lokalizacja-boguszow-gorce-zamiana-na-slask-ID4mnmh,185 000 zł,"Super lokalizacja, Boguszów-Gorce zamiana na Śląsk","ul. Kolejowa 1, Boguszów, Boguszów-Gorce, wałbrzyski, dolnośląskie",59 m²,3,1/1,280 zł,Zapytaj,pełna własność,do zamieszkania,ogródek,Zapytaj,gazowe,[],[]
https://www.otodom.pl/pl/oferta/przestronne-mieszkanie-polkowice-ul-slubicka-ID4n4gd,579 000 zł,"Przestronne mieszkanie, Polkowice ul. Słubicka","ul. Słubicka, Polkowice, Polkowice, polkowicki, dolnośląskie","73,72 m²",3,1/2,Zapytaj,Zapytaj,pełna własność,do zamieszkania,balkon,garaż/miejsce parkingowe,gazowe,[],[]
https://www.otodom.pl/pl/oferta/3-pokoje-pl-grunwaldzki-inwestycja-wysoki-roi-ID4nbOA,520 000 zł,"3 pokoje, pl. Grunwaldzki, inwestycja, wysoki roi","ul. Grunwaldzka, Plac Grunwaldzki, Śródmieście, Wrocław, dolnośląskie",55 m²,3,2/5,400 zł,Zapytaj,Zapytaj,Zapytaj,Zapytaj,Zapytaj,gazowe,[],[]
https://www.otodom.pl/pl/oferta/mieszkanie-wroclaw-lipa-piotrowska-ID4nbOB,442 000 zł,Mieszkanie - Wrocław Lipa Piotrowska,"ul. Cynamonowa, Lipa Piotrowska, Psie Pole, Wrocław, dolnośląskie","55,67 m²",2,2/5,220 zł,Zapytaj,Zapytaj,Zapytaj,balkon,garaż/miejsce parkingowe,Zapytaj,[],[]
https://www.otodom.pl/pl/oferta/mieszkanie-2-pokojowe-ID4nbOi,598 500 zł,Mieszkanie 2 pokojowe,"Ołbin, Śródmieście, Wrocław, dolnośląskie",57 m²,2,2/4,1 600 zł,Zapytaj,Zapytaj,do zamieszkania,balkon,Zapytaj,miejskie,[],[]
https://www.otodom.pl/pl/oferta/piekne-umeblowane-balkon-garaz-w-cenie-ID4nbOa,650 000 zł,Piękne / Umeblowane / Balkon / Garaż w cenie !!!,"Kaparowa, Lipa Piotrowska, Psie Pole, Wrocław, dolnośląskie",53 m²,3,1/4,600 zł,Zapytaj,Zapytaj,Zapytaj,balkon,Zapytaj,Zapytaj,[],[]
https://www.otodom.pl/pl/oferta/pilsudskiego-super-m-miejskie-balkon-piwnica-ID4nbNY,470 000 zł,Piłsudskiego/ super/ m. miejskie/ balkon /piwnica,"ul. marsz. Józefa Piłsudskiego, Przedmieście Świdnickie, Stare Miasto, Wrocław, dolnośląskie",40 m²,1,3/4,Zapytaj,Zapytaj,Zapytaj,do zamieszkania,balkon,Zapytaj,miejskie,[],[]
https://www.otodom.pl/pl/oferta/cynamonowa-2023r-cesja-praw-stan-deweloperski-ID4nbNV,450 000 zł,Cynamonowa/2023r./cesja praw/stan deweloperski,"Lipa Piotrowska, Psie Pole, Wrocław, dolnośląskie",56 m²,3,2/4,Zapytaj,Zapytaj,pełna własność,do wykończenia,balkon,garaż/miejsce parkingowe,gazowe,[],[]
https://www.otodom.pl/pl/oferta/sprzedam-mieszkanie-49m2-ID4k9BY,240 000 zł,Sprzedam mieszkanie 49m2,"Głuszyca, Głuszyca, wałbrzyski, dolnośląskie","49,5 m²",2,4/4,Zapytaj,Zapytaj,Zapytaj,do zamieszkania,balkon,Zapytaj,miejskie,[],[]
https://www.otodom.pl/pl/oferta/ul-morcinka-36-m2-centrum-klodzka-ID4mnnk,270 000 zł,ul. Morcinka | 36 m2 | Centrum Kłodzka,"ul. Gustawa Morcinka, Kłodzko, kłodzki, dolnośląskie",36 m²,2,parter/4,400 zł,Zapytaj,pełna własność,do zamieszkania,Zapytaj,Zapytaj,miejskie,[],[]
https://www.otodom.pl/pl/oferta/mieszkanie-3-pokojowe-na-osiedlu-hutnik-ID4nbMJ,185 000 zł,Mieszkanie 3-pokojowe na Osiedlu Hutnik,"Głogów, głogowski, dolnośląskie","47,2 m²",3,4/4,540 zł,Zapytaj,Zapytaj,do remontu,Zapytaj,Zapytaj,miejskie,[],[]
https://www.otodom.pl/pl/oferta/3-pokoje-rozkladowe-dwustronne-balkon-komorka-gaj-ID4n76H,690 000 zł,3-pokoje/Rozkładowe/Dwustronne/Balkon/Komórka/Gaj,"Gaj, Krzyki, Wrocław, dolnośląskie","62,4 m²",3,5/10,640 zł,Wirtualny spacer,pełna własność,Zapytaj,balkon,garaż/miejsce parkingowe,miejskie,[],[]
https://www.otodom.pl/pl/oferta/mieszkanie-bezczynszowe-z-parkingiem-ID4n1KZ,299 000 zł,Mieszkanie bezczynszowe z parkingiem,"ul. Poznańska, Góra, Góra, górowski, dolnośląskie",75 m²,3,1/1,Zapytaj,tak,pełna własność,do zamieszkania,"balkon, ogródek",garaż/miejsce parkingowe,gazowe,[],[]
https://www.otodom.pl/pl/oferta/3-pokojowe-z-widokiem-na-szrenice-56m2-ID4n4eN,849 000 zł,"3-pokojowe z widokiem na Szrenicę, 56m2","Szklarska Poręba, karkonoski, dolnośląskie",56 m²,3,3/3,850 zł,Zapytaj,pełna własność,do zamieszkania,balkon,garaż/miejsce parkingowe,gazowe,[],[]
https://www.otodom.pl/pl/oferta/mieszkanie-apartament-jak-nowe-mozliwosc-kredytu-ID4gO9X,118 950 zł,"Mieszkanie, apartament jak Nowe, możliwość Kredytu","ul. Fabryczna, Krosnowice, Kłodzko, kłodzki, dolnośląskie","32,98 m²",2,2/3,Zapytaj,Zapytaj,pełna własność,Zapytaj,Zapytaj,Zapytaj,Zapytaj,[],The info was not provided
https://www.otodom.pl/pl/oferta/sobotka-2-pokoje-widna-kuchnia-cena-do-negocjacji-ID4n3sl,289 000 zł,Sobótka 2 pokoje widna kuchnia cena do negocjacji,"Sobótka, Sobótka, wrocławski, dolnośląskie",60 m²,2,2/2,236 zł,Zapytaj,pełna własność,do zamieszkania,Zapytaj,garaż/miejsce parkingowe,kotłownia,[],The info was not provided
https://www.otodom.pl/pl/oferta/rozkladowe-mieszkanie-w-zadbanej-kamienicy-ID4jkFN,620 000 zł,Rozkładowe mieszkanie w zadbanej kamienicy,"Świebodzice, świdnicki, dolnośląskie",132 m²,4,2/3,350 zł,Film,pełna własność,do zamieszkania,balkon,garaż/miejsce parkingowe,Zapytaj,[],The info was not provided
https://www.otodom.pl/pl/oferta/centrum-dwustronne-taras-garderoba-gotowe-ID4na6j,848 000 zł,Centrum|Dwustronne|Taras|Garderoba|Gotowe,"ul. Robotnicza, Szczepin, Stare Miasto, Wrocław, dolnośląskie",64 m²,3,4/9,Zapytaj,tak,pełna własność,do wykończenia,"balkon, taras",garaż/miejsce parkingowe,miejskie,"['Bardzo trakcyjna lokalizacja w jednej z ważniejszych biznesowych dzielnic miasta, tuż przy ul.Legnickiej']",The info was not provided
https://www.otodom.pl/pl/oferta/apartament-115m2-dwa-poziomy-2-mp-taras-60m2-ID4n75q,1 399 000 zł,"Apartament 115m2 dwa poziomy, 2 mp, taras 60m2","Grabiszynek, Fabryczna, Wrocław, dolnośląskie","115,22 m²",3,2/2,1 098 zł,Wirtualny spacer,pełna własność,do zamieszkania,"balkon, taras",garaż/miejsce parkingowe,miejskie,[],The info was not provided
https://www.otodom.pl/pl/oferta/nowoczesne-mieszkanie-59m-ul-letnia-ID4myGY,599 000 zł,Nowoczesne mieszkanie 59m ul.Letnia,"Kłodzko, kłodzki, dolnośląskie",59 m²,2,4/5,550 zł,Zapytaj,pełna własność,do zamieszkania,balkon,garaż/miejsce parkingowe,miejskie,[],The info was not provided
https://www.otodom.pl/pl/oferta/apartament-5-pokoi-inwestycja-lub-dla-rodziny-ID4na8M,649 900 zł,"Apartament, 5 pokoi, inwestycja lub dla rodziny","Muchobór Wielki, Fabryczna, Wrocław, dolnośląskie","69,35 m²",5,2/2,540 zł,Zapytaj,pełna własność,do zamieszkania,balkon,Zapytaj,miejskie,[],The info was not provided
https://www.otodom.pl/pl/oferta/mieszkanie-49m2-okolica-kans-ID4nab6,299 000 zł,"Mieszkanie 49m2, okolica KANS","Staniszów, Podgórzyn, karkonoski, dolnośląskie",49 m²,2,2,Zapytaj,Zapytaj,pełna własność,do zamieszkania,balkon,Zapytaj,miejskie,[],The info was not provided
https://www.otodom.pl/pl/oferta/sprzedam-mieszkanie-2-pokojowe-bez-posrednikow-ID4mWiO,435 000 zł,"Sprzedam mieszkanie 2 pokojowe, bez pośredników","Grabiszyn, Fabryczna, Wrocław, dolnośląskie",42 m²,2,parter/4,400 zł,Zapytaj,pełna własność,Zapytaj,Zapytaj,Zapytaj,gazowe,[],The info was not provided
https://www.otodom.pl/pl/oferta/mieszkanie-pod-inwestycje-3-pok-ul-energetyczna-ID4nae0,459 000 zł,"Mieszkanie pod inwestycje, 3 pok, ul. Energetyczna","Powstańców Śląskich, Krzyki, Wrocław, dolnośląskie","45,56 m²",3,5,Zapytaj,Zapytaj,Zapytaj,Zapytaj,Zapytaj,Zapytaj,Zapytaj,[],[]
https://www.otodom.pl/pl/oferta/mieszkanie-51-30-m-jelenia-gora-ID4nagn,385 000 zł,"Mieszkanie, 51,30 m², Jelenia Góra","Plac Ratuszowy - Idealne na booking/Parking/Ogrzewanie miejskie, Śródmieście, Jelenia Góra, dolnośląskie","51,3 m²",2,3,Zapytaj,Zapytaj,Zapytaj,Zapytaj,Zapytaj,Zapytaj,Zapytaj,[],[]
https://www.otodom.pl/pl/oferta/mieszkania-gotowe-do-odbioru-atrakcyjne-ceny-ID4mzDT,596 355 zł,Mieszkania gotowe do odbioru! Atrakcyjne ceny!,"ul. Henryka Michała Kamieńskiego, Karłowice, Psie Pole, Wrocław, dolnośląskie","56,51 m²",3,parter/3,Zapytaj,Zapytaj,pełna własność,do zamieszkania,taras,garaż/miejsce parkingowe,inne,[],[]
https://www.otodom.pl/pl/oferta/rozkladowe-3-pokoje-z-ogrodem-bezczynszowe-ID4mWb3,869 000 zł,"Rozkładowe 3-pokoje z ogrodem, bezczynszowe","ul. Maślicka, Maślice, Fabryczna, Wrocław, dolnośląskie",73 m²,3,1/2,Zapytaj,Wirtualny spacer,Zapytaj,do zamieszkania,Zapytaj,garaż/miejsce parkingowe,Zapytaj,[],[]
https://www.otodom.pl/pl/oferta/lipa-piotrowska-balkon-pom-uzytk-garaz-2020-r-ID4naiz,725 000 zł,Lipa Piotrowska/Balkon/Pom. Użytk./Garaż/2020 r,"Lipa Piotrowska, Psie Pole, Wrocław, dolnośląskie","60,5 m²",3,1/4,600 zł,Zapytaj,pełna własność,Zapytaj,balkon,garaż/miejsce parkingowe,inne,[],[]
https://www.otodom.pl/pl/oferta/przestronne-mieszkanie-dwupokojowe-z-ogrodem-ID4naj1,790 000 zł,Przestronne mieszkanie dwupokojowe z ogrodem,"Sępolno, Śródmieście, Wrocław, dolnośląskie",56 m²,2,parter/2,Zapytaj,Zapytaj,pełna własność,Zapytaj,ogródek,Zapytaj,gazowe,[],[]
https://www.otodom.pl/pl/oferta/mieszkanie-z-ogrodem-ID4mKnr,750 000 zł,Mieszkanie z ogrodem,"Tarnogaj, Krzyki, Wrocław, dolnośląskie",50 m²,3,parter/4,550 zł,Zapytaj,pełna własność,do zamieszkania,"ogródek, taras",Zapytaj,miejskie,[],[]
https://www.otodom.pl/pl/oferta/3-pok-2-balkony-widok-na-park-olimpia-port-ID4mRff,889 000 zł,3-pok / 2 balkony / widok na park / Olimpia Port,"Swojczyce, Psie Pole, Wrocław, dolnośląskie",68 m²,3,3/4,Zapytaj,Zapytaj,pełna własność,do zamieszkania,balkon,garaż/miejsce parkingowe,Zapytaj,[],[]
https://www.otodom.pl/pl/oferta/komfortowe-2-pokoje-2-balkony-agd-garaz-ID4mReL,629 000 zł,Komfortowe 2 pokoje 2 balkony AGD Garaż,"ul. Dożynkowa, Klecina, Krzyki, Wrocław, dolnośląskie",49 m²,2,1/3,600 zł,tak,Zapytaj,do zamieszkania,balkon,garaż/miejsce parkingowe,Zapytaj,[],[]
https://www.otodom.pl/pl/oferta/mieszkanie-3pok-jawor-ul-wieniawskiego-piwnica-ID4naq5,370 000 zł,Mieszkanie 3pok. Jawor ul. Wieniawskiego + piwnica,"Jawor, jaworski, dolnośląskie","63,33 m²",3,3/4,600 zł,Zapytaj,Zapytaj,do zamieszkania,Zapytaj,Zapytaj,miejskie,[],[]
https://www.otodom.pl/pl/oferta/przy-lesie-56-21m-balkon-9-10m-m-parkingowe-ID4mPEp,499 000 zł,"Przy LESIE 56,21m² +BALKON 9,10m² +m. parkingowe","Krzeptów, Kąty Wrocławskie, wrocławski, dolnośląskie","56,21 m²",3,1/2,Zapytaj,Zapytaj,pełna własność,do wykończenia,balkon,garaż/miejsce parkingowe,gazowe,[],[]
https://www.otodom.pl/pl/oferta/mikroapartament-kawalerka-ID4lJJY,250 000 zł,Mikroapartament-kawalerka,"ul. Sołtysowicka, Sołtysowice, Psie Pole, Wrocław, dolnośląskie","17,31 m²",1,3/4,500 zł,Zapytaj,pełna własność,do zamieszkania,Zapytaj,Zapytaj,Zapytaj,[],[]
https://www.otodom.pl/pl/oferta/apartament-w-ekskluzywnej-rezydencji-na-krzykach-ID4kr90,1 950 000 zł,Apartament w ekskluzywnej rezydencji na Krzykach,"ul. Racławicka, Borek, Krzyki, Wrocław, dolnośląskie",120 m²,4,1/3,2 700 zł,Zapytaj,pełna własność,do zamieszkania,"balkon, ogródek",garaż/miejsce parkingowe,miejskie,[],[]
https://www.otodom.pl/pl/oferta/mieszkanie-54m-przy-ul-wojska-polskiego-ID4naz0,220 000 zł,Mieszkanie 54m przy ul. Wojska Polskiego,"ul. Malinowa, Głogów, głogowski, dolnośląskie",54 m²,3,10/11,800 zł,Zapytaj,udział,do zamieszkania,balkon,garaż/miejsce parkingowe,miejskie,[],[]
https://www.otodom.pl/pl/oferta/okazja-powstancow-slaskich-kawalerka-ID4naAL,331 000 zł,Okazja Powstańców śląskich/ Kawalerka,"Przedmieście Świdnickie, Stare Miasto, Wrocław, dolnośląskie",24 m²,1,9/10,Zapytaj,Zapytaj,Zapytaj,Zapytaj,Zapytaj,Zapytaj,miejskie,[],[]
https://www.otodom.pl/pl/oferta/balkon-centrum-5min-do-rynku-nad-odra-winda-ID4naDj,684 990 zł,Balkon Centrum 5min do Rynku Nad Odrą Winda,"Szczepin, Stare Miasto, Wrocław, dolnośląskie","38,7 m²",2,5/7,Zapytaj,Zapytaj,Zapytaj,do wykończenia,balkon,garaż/miejsce parkingowe,Zapytaj,[],[]
https://www.otodom.pl/pl/oferta/promocja-najlepszacena-bezpieczny-kredyt-2-hit-ID4naDp,299 000 zł,PROMOCJA | NajlepszaCENA | Bezpieczny Kredyt 2%HIT,"ul. Ignacego Mościckiego, Bieńkowice, Krzyki, Wrocław, dolnośląskie","36,8 m²",2,1,Zapytaj,tak,pełna własność,Zapytaj,"balkon, taras",garaż/miejsce parkingowe,miejskie,[],[]
https://www.otodom.pl/pl/oferta/lux-standard-szklarska-poreba-ID4naDc,690 000 zł,"LUX standard, Szklarska Poręba","ul. Vlastimila Hofmana 19, Szklarska Poręba, karkonoski, dolnośląskie",35 m²,2,1/2,330 zł,Zapytaj,pełna własność,do zamieszkania,taras,garaż/miejsce parkingowe,gazowe,[],[]
https://www.otodom.pl/pl/oferta/5-pokojowy-apartament-77m2-taras-bez-posrednikow-ID4cvhb,1 018 993 zł,5-pokojowy apartament 77m2 + taras Bez Pośredników,"ul. Ferdynanda Magellana, Swojczyce, Psie Pole, Wrocław, dolnośląskie","77,49 m²",5,parter/3,Zapytaj,Wirtualny spacer,pełna własność,do wykończenia,taras,garaż/miejsce parkingowe,Zapytaj,"['5-pokojowy apartament numer M25a 1/0/3/5a na parterze w budynku M25a w Inwestycji Olimpia Port Dewelopera Archicom', '6 ha zieleni z Parkiem Kolumba i Skwerem Barcelońskim', 'Sklepy, restauracje, usługi, fitness, 12 placów zabaw', 'Boiska, ścieżki rowerowe i piesze, pomosty rekreacyjne', 'Bulwar wzdłuż Odry vis a vis osiedla', 'Przystanek autobusowy (1 minuta od granicy osiedla)']",[]
https://www.otodom.pl/pl/oferta/inwestycyjne-mieszkanie-3-pok-w-centrum-wroclawia-ID4mWLZ,637 000 zł,Inwestycyjne mieszkanie 3 pok. w centrum Wrocławia,"ul. Ołowiana, Gajowice, Fabryczna, Wrocław, dolnośląskie","66,7 m²",3,4/4,414 zł,Zapytaj,spółdzielcze wł. prawo do lokalu,do zamieszkania,balkon,Zapytaj,miejskie,[],[]
https://www.otodom.pl/pl/oferta/mieszkanie-60-44-m-siechnice-ID4naIt,483 520 zł,"Mieszkanie, 60,44 m², Siechnice","Siechnice, Siechnice, wrocławski, dolnośląskie","60,44 m²",2,3/3,Zapytaj,Zapytaj,Zapytaj,Zapytaj,Zapytaj,Zapytaj,miejskie,[],[]
https://www.otodom.pl/pl/oferta/stylowe-2-poz-mieszkanie-taras-poludnie-wroclawia-ID4n6pV,1 795 000 zł,Stylowe 2-poz. mieszkanie taras południe Wrocławia,"ul. Agrestowa, Partynice, Krzyki, Wrocław, dolnośląskie","170,64 m²",6,1/2,320 zł,Zapytaj,pełna własność,Zapytaj,taras,garaż/miejsce parkingowe,gazowe,[],[]
https://www.otodom.pl/pl/oferta/sprzedam-ID4mwtf,280 000 zł,Sprzedam,"Wirki, Marcinowice, świdnicki, dolnośląskie","75,8 m²",3,parter/1,Zapytaj,Zapytaj,pełna własność,do zamieszkania,taras,garaż/miejsce parkingowe,elektryczne,[],The info was not provided
https://www.otodom.pl/pl/oferta/mieszkanie-cicha-okolica-nowe-budownictwo-lokla-a2-ID4lARj,299 000 zł,Mieszkanie cicha okolica nowe budownictwo lokla A2,"ul. Tadeusza Rejtana, Chojnów, legnicki, dolnośląskie","47,6 m²",2,2/3,"381,35 zł",Zapytaj,pełna własność,do zamieszkania,balkon,garaż/miejsce parkingowe,gazowe,[],The info was not provided
https://www.otodom.pl/pl/oferta/bezposrednio-i-willa-i-wysokie-sufity-i-gotowe-ID4n3kb,999 900 zł,BEZPOŚREDNIO I Willa I Wysokie sufity I Gotowe,"ul. Bolesława Ulanowskiego 9, Borek, Krzyki, Wrocław, dolnośląskie","93,33 m²",4,2/3,"638,28 zł",tak,pełna własność,do zamieszkania,Zapytaj,Zapytaj,gazowe,[],The info was not provided
https://www.otodom.pl/pl/oferta/mieszkanie-z-balkonem-po-remocnice-ID4mYoU,375 000 zł,"Mieszkanie z balkonem, po remocnice.","Oleśnica, oleśnicki, dolnośląskie",46 m²,2,1/2,Zapytaj,Zapytaj,pełna własność,do zamieszkania,balkon,Zapytaj,Zapytaj,[],The info was not provided
https://www.otodom.pl/pl/oferta/3-pokojowe-mieszkanie-na-zlotnikach-67m-taras-18m-ID4n87M,739 000 zł,"3-Pokojowe mieszkanie na Złotnikach 67m, taras 18m","ul. Kościańska, Leśnica, Fabryczna, Wrocław, dolnośląskie","66,53 m²",3,4/4,Zapytaj,Zapytaj,pełna własność,do zamieszkania,taras,garaż/miejsce parkingowe,Zapytaj,[],The info was not provided
https://www.otodom.pl/pl/oferta/budynek-mieszkalny-z-pozwoleniem-15-mieszkan-ID4n4TY,1 900 000 zł,Budynek Mieszkalny z pozwoleniem 15 mieszkań,"Kadetów 15, Śródmieście, Jelenia Góra, dolnośląskie",650 m²,więcej niż 10,Zapytaj,Zapytaj,Zapytaj,Zapytaj,Zapytaj,Zapytaj,Zapytaj,Zapytaj,[],The info was not provided
https://www.otodom.pl/pl/oferta/przestronne-cztery-pokoje-na-nowym-rozanym-rzut-ID4n3rx,345 000 zł,Przestronne. Cztery pokoje na nowym Różanym. RZUT,"Dzierżoniów, dzierżoniowski, dolnośląskie",61 m²,4,4/4,Zapytaj,Zapytaj,pełna własność,do zamieszkania,Zapytaj,Zapytaj,miejskie,[],The info was not provided
https://www.otodom.pl/pl/oferta/mieszkanie-35-m-szczawno-zdroj-ID4n9qf,129 900 zł,"Mieszkanie, 35 m², Szczawno-Zdrój","Szczawno-Zdrój, wałbrzyski, dolnośląskie",35 m²,1,2/3,150 zł,Zapytaj,pełna własność,do remontu,Zapytaj,Zapytaj,gazowe,[],The info was not provided
https://www.otodom.pl/pl/oferta/3-pokojowe-z-balkonem-dostepne-od-zaraz-ID4mg6a,210 000 zł,3 pokojowe z balkonem - dostępne od Zaraz,"Lubin, lubiński, dolnośląskie","47,9 m²",3,3/10,"575,20 zł",Zapytaj,pełna własność,Zapytaj,balkon,Zapytaj,miejskie,[],The info was not provided
https://www.otodom.pl/pl/oferta/bardzo-duze-mieszkanie-z-potencjalem-inwestycyjnym-ID4n9r1,1 279 000 zł,Bardzo Duże mieszkanie z potencjałem Inwestycyjnym,"Szczepin, Stare Miasto, Wrocław, dolnośląskie","128,29 m²",4,parter/4,Zapytaj,Zapytaj,pełna własność,do zamieszkania,Zapytaj,Zapytaj,Zapytaj,[],The info was not provided
https://www.otodom.pl/pl/oferta/przestronne-ladne-rozkladowe-2-pok-z-balkonem-ID4n9sg,350 000 zł,"Przestronne, ładne, rozkładowe 2 pok z balkonem.","pl. św. Jana, Strzelin, Strzelin, strzeliński, dolnośląskie",56 m²,2,4/4,630 zł,Zapytaj,pełna własność,Zapytaj,balkon,Zapytaj,kotłownia,[],The info was not provided
https://www.otodom.pl/pl/oferta/atrakcyjna-cena-2-pokojowe-pelen-rozklad-ID4mFai,570 000 zł,"Atrakcyjna cena, 2-pokojowe,pełen rozkład","al. gen. Józefa Hallera, Grabiszyn, Fabryczna, Wrocław, dolnośląskie",67 m²,2,1/2,Zapytaj,Zapytaj,pełna własność,do zamieszkania,Zapytaj,garaż/miejsce parkingowe,Zapytaj,[],The info was not provided
https://www.otodom.pl/pl/oferta/atrakcyjne-2-pok-43m-wroclaw-swojczyce-mjsc-park-ID4mVMK,549 000 zł,Atrakcyjne 2 pok 43m Wrocław Swojczyce + mjsc park,"Wojnów, Psie Pole, Wrocław, dolnośląskie","43,6 m²",2,2/2,Zapytaj,Zapytaj,Zapytaj,do zamieszkania,balkon,garaż/miejsce parkingowe,gazowe,[],The info was not provided
https://www.otodom.pl/pl/oferta/sprzedam-mieszkanie-z-garazem-lubiatow-ID4n3y5,169 000 zł,Sprzedam mieszkanie z garażem Lubiatów,"Legnica, dolnośląskie",27 m²,1,2/2,400 zł,Zapytaj,pełna własność,do zamieszkania,Zapytaj,garaż/miejsce parkingowe,kotłownia,[],The info was not provided
https://www.otodom.pl/pl/oferta/3-pokoje-wykonczone-lux-psie-pole-bezposrednio-ID4mQx8,899 000 zł,"3 Pokoje, Wykończone LUX, Psie Pole ,Bezpośrednio","ul. Kordiana, Zawidawie, Psie Pole, Wrocław, dolnośląskie",124 m²,3,1/2,Zapytaj,Zapytaj,pełna własność,do zamieszkania,ogródek,garaż/miejsce parkingowe,gazowe,[],The info was not provided
https://www.otodom.pl/pl/oferta/2-pokoje-z-balkonem-stare-miasto-ID4mHGA,679 000 zł,2 pokoje z balkonem/Stare miasto,"pl. Legionów, Przedmieście Świdnickie, Stare Miasto, Wrocław, dolnośląskie",55 m²,2,4/4,515 zł,Zapytaj,Zapytaj,do zamieszkania,balkon,Zapytaj,miejskie,[],The info was not provided
https://www.otodom.pl/pl/oferta/2-pokoje-2-balkony-2-piwnice-2-stronne-2-ID4n9vX,581 500 zł,2 pokoje | 2 balkony | 2 piwnice | 2-stronne | 2%,"Różanka, Psie Pole, Wrocław, dolnośląskie","48,5 m²",2,8/11,590 zł,Zapytaj,pełna własność,do zamieszkania,balkon,Zapytaj,miejskie,[],The info was not provided
https://www.otodom.pl/pl/oferta/dwie-sypialnie-balkon-kuchnia-centrum-40m-2019-ID4n9vC,750 000 zł,Dwie sypialnie (balkon) + Kuchnia Centrum 40m 2019,"Nowa Papiernia, Przedmieście Oławskie, Krzyki, Wrocław, dolnośląskie","39,3 m²",2,3/7,Zapytaj,Zapytaj,pełna własność,do zamieszkania,balkon,Zapytaj,miejskie,[],The info was not provided
